{
 "system_028": {
  "cap_bar": 0.0, 
  "capacity": 1.0, 
  "case": "Fractal Design R4 (custom)", 
  "ditch": 0, 
  "drive_count": 2, 
  "drives": {
   "SS0025": 1, 
   "SS0075": 1
  }, 
  "drvc_bar": 9.745896910013972, 
  "notes": "BotW", 
  "os": "Arch Linux", 
  "post": 368180, 
  "ranking_points": 0.7419373447293773, 
  "rp_bar": -4.19688275828181, 
  "storage_sys": {
   "ZFS": 1
  }, 
  "timestamp": 1372000995, 
  "updates": null, 
  "username": "alpenwasser"
 }, 
 "system_029": {
  "cap_bar": 38.98358764005589, 
  "capacity": 16.0, 
  "case": "Bitfenix Phenom M", 
  "ditch": 0, 
  "drive_count": 4, 
  "drives": {
   "WD0400": 4
  }, 
  "drvc_bar": 19.491793820027944, 
  "notes": null, 
  "os": "FreeNAS", 
  "post": 1561286, 
  "ranking_points": 22.575791579364193, 
  "rp_bar": 43.82442013862581, 
  "storage_sys": {
   "ZFS": 1
  }, 
  "timestamp": 1392666414, 
  "updates": null, 
  "username": "Hoppa"
 }, 
 "system_043": {
  "cap_bar": 29.237690730041916, 
  "capacity": 8.0, 
  "case": "K'nex Custom Case", 
  "ditch": 0, 
  "drive_count": 4, 
  "drives": {
   "SG0200": 1, 
   "WD0200": 3
  }, 
  "drvc_bar": 19.491793820027944, 
  "notes": "<strong>K'Nex</strong Build, BotW", 
  "os": "Debian", 
  "post": 277922, 
  "ranking_points": 11.287895789682096, 
  "rp_bar": 34.07852322861184, 
  "storage_sys": {
   "mdadm": 1
  }, 
  "timestamp": 1370132388, 
  "updates": null, 
  "username": "MG2R"
 }, 
 "system_044": {
  "cap_bar": 9.745896910013972, 
  "capacity": 2.0, 
  "case": "HP Proliant MicroServer N40L", 
  "ditch": 0, 
  "drive_count": 3, 
  "drives": {
   "SG0050": 1, 
   "SG0100": 1, 
   "WD0050": 1
  }, 
  "drvc_bar": 15.446881138266336, 
  "notes": null, 
  "os": "unRAID", 
  "post": 303666, 
  "ranking_points": 2.262804222982201, 
  "rp_bar": 11.48175584468111, 
  "storage_sys": {
   "unRAID": 1
  }, 
  "timestamp": 1370542254, 
  "updates": null, 
  "username": "cushy91"
 }, 
 "system_049": {
  "cap_bar": 30.893762276532673, 
  "capacity": 9.0, 
  "case": "Bitfenix Prodigy mITX", 
  "ditch": 0, 
  "drive_count": 3, 
  "drives": {
   "WD0300": 3
  }, 
  "drvc_bar": 15.446881138266336, 
  "notes": null, 
  "os": "Win 8", 
  "post": 2195738, 
  "ranking_points": 10.182619003419905, 
  "rp_bar": 32.62962121119981, 
  "storage_sys": {
   "JBOD": 1
  }, 
  "timestamp": 1402515303, 
  "updates": null, 
  "username": "2sysel2"
 }, 
 "system_052": {
  "cap_bar": 38.98358764005589, 
  "capacity": 16.0, 
  "case": "Lian Li PC-Q35", 
  "ditch": 0, 
  "drive_count": 4, 
  "drives": {
   "WD0400": 4
  }, 
  "drvc_bar": 19.491793820027944, 
  "notes": null, 
  "os": "WS 2012", 
  "post": 2261402, 
  "ranking_points": 22.575791579364193, 
  "rp_bar": 43.82442013862581, 
  "storage_sys": {
   "HwRD": 1
  }, 
  "timestamp": 1403458443, 
  "updates": null, 
  "username": "Graveworm"
 }, 
 "system_053": {
  "cap_bar": 34.34027157977882, 
  "capacity": 11.5, 
  "case": "K'nex Custom Case", 
  "ditch": 0, 
  "drive_count": 4, 
  "drives": {
   "WD0150": 1, 
   "WD0200": 1, 
   "WD0400": 2
  }, 
  "drvc_bar": 19.491793820027944, 
  "notes": "<strong>K'nex</strong>", 
  "os": "Win 8.1", 
  "post": 2298428, 
  "ranking_points": 16.226350197668012, 
  "rp_bar": 39.18110407834875, 
  "storage_sys": {
   "JBOD": 1
  }, 
  "timestamp": 1403974370, 
  "updates": null, 
  "username": "Zerreth"
 }, 
 "system_058": {
  "cap_bar": 38.98358764005589, 
  "capacity": 16.0, 
  "case": "Fractal Design Arc Midi R2", 
  "ditch": 0, 
  "drive_count": 4, 
  "drives": {
   "SG0400": 4
  }, 
  "drvc_bar": 19.491793820027944, 
  "notes": null, 
  "os": "FreeNAS", 
  "post": 2635265, 
  "ranking_points": 22.575791579364193, 
  "rp_bar": 43.82442013862581, 
  "storage_sys": {
   "ZFS": 1
  }, 
  "timestamp": 1407532365, 
  "updates": null, 
  "username": "lekro"
 }, 
 "system_059": {
  "cap_bar": 46.85198548022166, 
  "capacity": 28.0, 
  "case": "Acer R380F2 + Chembro 24 Bay", 
  "ditch": 1, 
  "drive_count": 22, 
  "drives": {
   "HT0200": 2, 
   "SG0100": 6, 
   "SG0200": 1, 
   "WD0100": 10, 
   "WD0200": 3
  }, 
  "drvc_bar": 43.46116083249584, 
  "notes": null, 
  "os": "NAS4Free", 
  "post": 2654107, 
  "ranking_points": 86.67617303866379, 
  "rp_bar": 62.739830722360814, 
  "storage_sys": {
   "ZFS": 1
  }, 
  "timestamp": 1407763084, 
  "updates": null, 
  "username": "PhantomWarz"
 }, 
 "system_061": {
  "cap_bar": 0.0, 
  "capacity": 1.0, 
  "case": "Open Air", 
  "ditch": 0, 
  "drive_count": 1, 
  "drives": {
   "SS0100": 1
  }, 
  "drvc_bar": 0.0, 
  "notes": "Open air, no case", 
  "os": "Ubuntu Srv", 
  "post": 595065, 
  "ranking_points": 0.09531017980432493, 
  "rp_bar": -33.050537799030955, 
  "storage_sys": {
   "JBOD": 1
  }, 
  "timestamp": 1376334838, 
  "updates": null, 
  "username": "dzintars"
 }, 
 "system_063": {
  "cap_bar": 44.684571868308254, 
  "capacity": 24.0, 
  "case": "Custom Wood Case", 
  "ditch": 1, 
  "drive_count": 8, 
  "drives": {
   "SG0300": 8
  }, 
  "drvc_bar": 29.237690730041916, 
  "notes": null, 
  "os": "OpenMediaVault", 
  "post": 2777040, 
  "ranking_points": 50.20473748028144, 
  "rp_bar": 55.06189668831717, 
  "storage_sys": {
   "SwRD": 1
  }, 
  "timestamp": 1409074359, 
  "updates": null, 
  "username": "{EAC} Shoot em UP"
 }, 
 "system_068": {
  "cap_bar": 38.07615298350371, 
  "capacity": 15.0, 
  "case": "Custom Case", 
  "ditch": 1, 
  "drive_count": 6, 
  "drives": {
   "SG0200": 3, 
   "WD0300": 3
  }, 
  "drvc_bar": 25.192778048280307, 
  "notes": null, 
  "os": "WS 2012R2", 
  "post": 2938125, 
  "ranking_points": 27.124331567688984, 
  "rp_bar": 46.40524095420198, 
  "storage_sys": {
   "SwRD": 1
  }, 
  "timestamp": 1410627010, 
  "updates": null, 
  "username": "MariusJS"
 }, 
 "system_070": {
  "cap_bar": 34.93867495829428, 
  "capacity": 12.0, 
  "case": "Fractal Node 804", 
  "ditch": 0, 
  "drive_count": 4, 
  "drives": {
   "WD0300": 4
  }, 
  "drvc_bar": 19.491793820027944, 
  "notes": null, 
  "os": "WS 2012R2", 
  "post": 3068247, 
  "ranking_points": 16.931843684523145, 
  "rp_bar": 39.7795074568642, 
  "storage_sys": {
   "HwRD": 1
  }, 
  "timestamp": 1411922097, 
  "updates": null, 
  "username": "EmeraldFlame"
 }, 
 "system_073": {
  "cap_bar": 25.192778048280307, 
  "capacity": 6.0, 
  "case": "Lian Li PC-7FN", 
  "ditch": 0, 
  "drive_count": 4, 
  "drives": {
   "SS0100": 2, 
   "SS0200": 2
  }, 
  "drvc_bar": 19.491793820027944, 
  "notes": null, 
  "os": "WS 2008R2", 
  "post": 3148440, 
  "ranking_points": 8.465921842261572, 
  "rp_bar": 30.03361054685023, 
  "storage_sys": {
   "JBOD": 1
  }, 
  "timestamp": 1412847933, 
  "updates": null, 
  "username": "kichilron"
 }, 
 "system_074": {
  "cap_bar": 29.237690730041916, 
  "capacity": 8.0, 
  "case": "NZXT H630", 
  "ditch": 0, 
  "drive_count": 3, 
  "drives": {
   "SG0400": 1, 
   "SS0200": 2
  }, 
  "drvc_bar": 15.446881138266336, 
  "notes": null, 
  "os": "Win 8.1", 
  "post": 3148440, 
  "ranking_points": 9.051216891928805, 
  "rp_bar": 30.97354966470905, 
  "storage_sys": {
   "JBOD": 1, 
   "SwRD": 1
  }, 
  "timestamp": 1412847933, 
  "updates": null, 
  "username": "kichilron"
 }, 
 "system_080": {
  "cap_bar": 46.85198548022166, 
  "capacity": 28.0, 
  "case": "Fractal Define R5", 
  "ditch": 1, 
  "drive_count": 7, 
  "drives": {
   "SG0400": 7
  }, 
  "drvc_bar": 27.360191660193717, 
  "notes": null, 
  "os": "Fedora", 
  "post": 3691169, 
  "ranking_points": 54.882653953323555, 
  "rp_bar": 56.31450504142662, 
  "storage_sys": {
   "ZFS": 1
  }, 
  "timestamp": 1418852490, 
  "updates": [
   4039044, 
   11349560
  ], 
  "username": "unijab"
 }, 
 "system_084": {
  "cap_bar": 44.684571868308254, 
  "capacity": 24.0, 
  "case": "Supermicro 846E1-R900B", 
  "ditch": 0, 
  "drive_count": 4, 
  "drives": {
   "WD0600": 4
  }, 
  "drvc_bar": 19.491793820027944, 
  "notes": null, 
  "os": "Debian", 
  "post": 3852866, 
  "ranking_points": 33.86368736904629, 
  "rp_bar": 49.52540436687818, 
  "storage_sys": {
   "HwRD": 1
  },